id,user_id,title,priority,status,deadline,category,tags,description,created_at,completed_at,team_id
a91f3c82,106056586,بررسی پرونده بیماران نوبت صبح,high,done,2026-08-03,پذیرش,بیمار-نوبت-روزانه-پرونده,,2026-08-01 08:15,2026-08-06 12:14,
b72d9e41,106056586,هماهنگی جلسه هفتگی پزشکان کلینیک,medium,done,2026-08-05,مدیریت,جلسه-پزشکان-برنامه‌ریزی,,2026-08-02 09:20,2026-08-06 13:50,
c84a1f59,106056586,پیگیری جواب آزمایش بیماران بخش روانپزشکی,high,done,2026-08-04,آزمایشگاه,آزمایش-پیگیری-بیمار,,2026-08-03 10:30,2026-08-06 12:14,
d65e8b23,106056586,ثبت گزارش عملکرد ماهانه کلینیک,medium,pending,2026-08-10,مدیریت,گزارش-عملکرد-ماهانه,,2026-08-05 08:30,,
e93c7a10,106056586,بررسی موجودی داروهای روانپزشکی و تجهیزات پزشکی,high,done,2026-08-09,داروخانه,دارو-انبار-تجهیزات,,2026-08-05 08:35,2026-08-06 12:14,
f41b2d68,106056586,تماس با بیماران برای یادآوری نوبت ویزیت,low,in_progress,2026-08-06,پذیرش,تماس-یادآوری-نوبت,,2026-08-05 08:40,,
g52c9e74,106056586,به‌روزرسانی پرونده الکترونیک بیماران,medium,in_progress,2026-08-12,IT,پرونده-الکترونیک-سامانه,,2026-08-05 08:45,,
h73d1a95,106056586,جلسه بررسی رضایت بیماران و کیفیت خدمات,medium,pending,2026-08-15,مدیریت,رضایت-سنجی-بازخورد,,2026-08-05 08:50,,
i84e2b36,106056586,تعمیر دستگاه نوار مغز و تجهیزات تشخیصی,high,in_progress,2026-08-11,تجهیزات پزشکی,تعمیر-نگهداری-دستگاه,,2026-08-05 08:55,,
j95f3c47,106056586,آموزش پرسنل پذیرش جدید کلینیک,low,in_progress,2026-08-20,منابع انسانی,آموزش-کارکنان-پذیرش,,2026-08-05 09:00,,d4db8f8c
k16a4d58,106056586,بررسی قرارداد بیمه‌های درمانی و همکاری سازمان‌ها,high,done,2026-08-14,مالی,بیمه-قرارداد-درمان,,2026-08-05 09:05,2026-08-06 12:14,f5e53678
l27b5e69,106056586,تهیه گزارش مالی و هزینه‌های جاری کلینیک,medium,pending,2026-08-18,مالی,حسابداری-گزارش-هزینه,,2026-08-05 09:10,,f5e53678
m38c6f70,106056586,کنترل کیفیت خدمات روانشناسی و روانپزشکی,high,in_progress,2026-08-22,کنترل کیفیت,کیفیت-درمان-ارزیابی,,2026-08-05 09:15,,
n49d7a81,106056586,برنامه‌ریزی شیفت پزشکان و پرستاران,medium,pending,2026-08-13,منابع انسانی,شیفت-پزشک-پرستار,,2026-08-05 09:20,,d4db8f8c
o50e8b92,106056586,پیگیری شکایات و درخواست‌های بیماران,high,done,2026-08-16,مدیریت,شکایت-بیمار-پیگیری,,2026-08-05 09:25,2026-08-06 12:14,
p61f9c03,106056586,بازبینی برنامه درمان بیماران مزمن,high,in_progress,2026-08-07,درمان,برنامه-درمانی-بیمار,,2026-08-05 09:30,,
q72a0d14,106056586,تنظیم برنامه جلسات روانشناسی هفته آینده,medium,pending,2026-08-25,روانشناسی,جلسه-مشاوره-تقویم,,2026-08-05 09:35,,
r83b1e25,106056586,بررسی امنیت اطلاعات پرونده بیماران,high,done,2026-08-28,IT,امنیت-اطلاعات-بیمار,,2026-08-05 09:40,2026-08-06 12:14,
s94c2f36,106056586,جمع‌آوری فرم‌های رضایت‌نامه بیماران,low,in_progress,2026-08-01,پذیرش,فرم-رضایت-بیمار,,2026-08-05 09:45,,
t05d3g47,106056586,جلسه آموزش مدیریت استرس برای کارکنان,low,pending,2026-09-01,آموزش,سلامت-کارکنان-آموزش,,2026-08-05 09:50,,
a91f3c82,106056586,بررسی پرونده بیماران نوبت صبح,high,pending,2026-08-03,پذیرش,بیمار-نوبت-روزانه-پرونده,,2026-08-01 08:15,,
b72d9e41,106056586,هماهنگی جلسه هفتگی پزشکان کلینیک,medium,in_progress,2026-08-05,مدیریت,جلسه-پزشکان-برنامه‌ریزی,,2026-08-02 09:20,,
c84a1f59,106056586,پیگیری جواب آزمایش بیماران بخش روانپزشکی,high,pending,2026-08-04,آزمایشگاه,آزمایش-پیگیری-بیمار,,2026-08-03 10:30,,
d65e8b23,106056586,ثبت گزارش عملکرد ماهانه کلینیک,medium,pending,2026-08-10,مدیریت,گزارش-عملکرد-ماهانه,,2026-08-05 08:30,,
e93c7a10,106056586,بررسی موجودی داروهای روانپزشکی و تجهیزات پزشکی,high,pending,2026-08-09,داروخانه,دارو-انبار-تجهیزات,,2026-08-05 08:35,,
f41b2d68,106056586,تماس با بیماران برای یادآوری نوبت ویزیت,low,pending,2026-08-06,پذیرش,تماس-یادآوری-نوبت,,2026-08-05 08:40,,
g52c9e74,106056586,به‌روزرسانی پرونده الکترونیک بیماران,medium,in_progress,2026-08-12,IT,پرونده-الکترونیک-سامانه,,2026-08-05 08:45,,
h73d1a95,106056586,جلسه بررسی رضایت بیماران و کیفیت خدمات,medium,pending,2026-08-15,مدیریت,رضایت-سنجی-بازخورد,,2026-08-05 08:50,,
i84e2b36,106056586,تعمیر دستگاه نوار مغز و تجهیزات تشخیصی,high,pending,2026-08-11,تجهیزات پزشکی,تعمیر-نگهداری-دستگاه,,2026-08-05 08:55,,
j95f3c47,106056586,آموزش پرسنل پذیرش جدید کلینیک,low,pending,2026-08-20,منابع انسانی,آموزش-کارکنان-پذیرش,,2026-08-05 09:00,,d4db8f8c
k16a4d58,106056586,بررسی قرارداد بیمه‌های درمانی و همکاری سازمان‌ها,high,in_progress,2026-08-14,مالی,بیمه-قرارداد-درمان,,2026-08-05 09:05,,f5e53678
l27b5e69,106056586,تهیه گزارش مالی و هزینه‌های جاری کلینیک,medium,pending,2026-08-18,مالی,حسابداری-گزارش-هزینه,,2026-08-05 09:10,,f5e53678
m38c6f70,106056586,کنترل کیفیت خدمات روانشناسی و روانپزشکی,high,pending,2026-08-22,کنترل کیفیت,کیفیت-درمان-ارزیابی,,2026-08-05 09:15,,
n49d7a81,106056586,برنامه‌ریزی شیفت پزشکان و پرستاران,medium,pending,2026-08-13,منابع انسانی,شیفت-پزشک-پرستار,,2026-08-05 09:20,,d4db8f8c
o50e8b92,106056586,پیگیری شکایات و درخواست‌های بیماران,high,pending,2026-08-16,مدیریت,شکایت-بیمار-پیگیری,,2026-08-05 09:25,,
p61f9c03,106056586,بازبینی برنامه درمان بیماران مزمن,high,in_progress,2026-08-07,درمان,برنامه-درمانی-بیمار,,2026-08-05 09:30,,
q72a0d14,106056586,تنظیم برنامه جلسات روانشناسی هفته آینده,medium,pending,2026-08-25,روانشناسی,جلسه-مشاوره-تقویم,,2026-08-05 09:35,,
r83b1e25,106056586,بررسی امنیت اطلاعات پرونده بیماران,high,pending,2026-08-28,IT,امنیت-اطلاعات-بیمار,,2026-08-05 09:40,,
s94c2f36,106056586,جمع‌آوری فرم‌های رضایت‌نامه بیماران,low,pending,2026-08-01,پذیرش,فرم-رضایت-بیمار,,2026-08-05 09:45,,
t05d3g47,106056586,جلسه آموزش مدیریت استرس برای کارکنان,low,pending,2026-09-01,آموزش,سلامت-کارکنان-آموزش,,2026-08-05 09:50,,
7bc06a0c,88937210,وارد کردن بیمه ها,medium,pending,2026-08-09,,,,2026-08-06 10:43,,
6469d0ef,88937210,انتقال پول,high,done,2026-08-07,,,,2026-08-06 10:52,,
7361a889,88937210,پرداخت کردن بیمه,high,pending,30_08_2026,,,,2026-08-06 11:29,,
d19f1660,106056586,اندازه‌گیری وزن و ثبت وضعیت فعلی,high,in_progress,2026-08-06,سلامت,ورزش تناسب‌اندام,,2026-08-06 11:36,,
27a7d9f5,106056586,خرید / آماده‌سازی وسایل ورزشی ساده,medium,pending,2026-08-06,سلامت,ورزش تناسب‌اندام,,2026-08-06 11:36,,
0e7eaacf,106056586,روز ۱–۳: پیاده‌روی ۲۰ دقیقه‌ای,medium,pending,2026-08-07,سلامت,ورزش تناسب‌اندام,,2026-08-06 11:36,,
e6718df0,106056586,روز ۴–۷: تمرینات بدنسازی سبک در خانه,medium,pending,2026-08-10,سلامت,ورزش تناسب‌اندام,,2026-08-06 11:36,,
28562fcc,106056586,هفته ۲: افزایش زمان کاردیو به ۳۰ دقیقه,medium,pending,2026-08-14,سلامت,ورزش تناسب‌اندام,,2026-08-06 11:36,,
779e410b,106056586,هفته ۲: تمرین قدرتی ۲ جلسه,medium,pending,2026-08-16,سلامت,ورزش تناسب‌اندام,,2026-08-06 11:36,,
420125e1,106056586,هفته ۳: ترکیب کاردیو + قدرتی,medium,pending,2026-08-21,سلامت,ورزش تناسب‌اندام,,2026-08-06 11:36,,
6f733151,106056586,هفته ۳: یک روز استراحت فعال (یوگا/کشش),medium,pending,2026-08-24,سلامت,ورزش تناسب‌اندام,,2026-08-06 11:36,,
f66e0721,106056586,هفته ۴: چالش نهایی ۳۰ دقیقه ورزش روزانه,medium,pending,2026-08-28,سلامت,ورزش تناسب‌اندام,,2026-08-06 11:36,,
434508a4,106056586,روز ۳۰: اندازه‌گیری مجدد و مقایسه,high,pending,2026-09-04,سلامت,ورزش تناسب‌اندام,,2026-08-06 11:36,,
d5da52b1,106056586,تعریف دقیق ایده و هدف پروژه,high,done,2026-08-06,پروژه,راه‌اندازی لانچ,,2026-08-06 11:53,2026-08-06 14:08,
17df9fd9,106056586,تحقیق بازار و رقبا,high,pending,2026-08-08,پروژه,راه‌اندازی لانچ,,2026-08-06 11:53,,
8923a582,106056586,نوشتن لیست ویژگی‌های MVP,high,pending,2026-08-11,پروژه,راه‌اندازی لانچ,,2026-08-06 11:53,,
a787b98a,106056586,طراحی وایرفریم / اسکچ اولیه,high,pending,2026-08-13,پروژه,راه‌اندازی لانچ,,2026-08-06 11:53,,
f15cbe58,106056586,شروع پیاده‌سازی هسته اصلی,high,pending,2026-08-16,پروژه,راه‌اندازی لانچ,,2026-08-06 11:53,,
3650a8f1,106056586,تکمیل MVP و تست داخلی,high,pending,2026-08-27,پروژه,راه‌اندازی لانچ,,2026-08-06 11:53,,
2e1ea3af,106056586,جمع‌آوری بازخورد از ۳ نفر,high,pending,2026-09-03,پروژه,راه‌اندازی لانچ,,2026-08-06 11:53,,
d9f6282d,106056586,رفع باگ‌ها و بهبود بر اساس بازخورد,high,pending,2026-09-07,پروژه,راه‌اندازی لانچ,,2026-08-06 11:53,,
ec8e22a2,106056586,آماده‌سازی صفحه معرفی / لندینگ,high,pending,2026-09-10,پروژه,راه‌اندازی لانچ,,2026-08-06 11:53,,
eeb1d250,106056586,لانچ رسمی و انتشار,high,pending,2026-09-15,پروژه,راه‌اندازی لانچ,,2026-08-06 11:53,,
5a906212,106056586,پیگیری بازخورد هفته اول بعد از لانچ,high,pending,2026-09-22,پروژه,راه‌اندازی لانچ,,2026-08-06 11:53,,
28e23795,106056586,تس,low,pending,,,تست,,2026-08-06 11:55,,
b92b3911,106056586,تعیین سطح فعلی فرانسوی (آزمون آنلاین A1),high,done,2026-08-06,آموزش زبان,فرانسوی A1 A2 فشرده,یک آزمون تعیین سطح رایگان بزن و نمره را یادداشت کن.,2026-08-06 11:57,,
392f8589,106056586,نصب ابزارها: Duolingo / Busuu Français + Anki + دیکشنری,high,done,2026-08-06,آموزش زبان,فرانسوی A1 A2 فشرده,اپ Duolingo / Busuu Français، Anki (فلش‌کارت) و یک دیکشنری خوب نصب شود.,2026-08-06 11:57,2026-08-06 14:14,
d525bbe6,106056586,آشنایی با الفبا و تلفظ پایه فرانسوی,high,pending,2026-08-07,آموزش زبان,فرانسوی A1 A2 فشرده,صداهای خاص زبان را با تکرار و گوش دادن تمرین کن.,2026-08-06 11:57,,
246a9a13,106056586,یادگیری ۵۰ واژه ضروری روزمره (سلام، اعداد، رنگ‌ها),high,pending,2026-08-08,آموزش زبان,فرانسوی A1 A2 فشرده,واژه‌ها را در Anki اضافه کن و هر روز مرور کن.,2026-08-06 11:57,,
3d68e63b,106056586,گرامر: ضمایر شخصی + فعل «بودن»,high,pending,2026-08-09,آموزش زبان,فرانسوی A1 A2 فشرده,از منبع Grammaire Progressive du Français (Débutant) بخش مربوطه را بخوان و ۱۰ جمله بساز.,2026-08-06 11:57,,
7e25d3e8,106056586,مکالمه: معرفی خود (نام، سن، ملیت، شغل),high,pending,2026-08-10,آموزش زبان,فرانسوی A1 A2 فشرده,متن معرفی را بنویس، بلند بخوان و ضبط کن.,2026-08-06 11:57,,
a7276bd7,106056586,۵۰ واژه جدید: خانواده، خانه، غذا,high,pending,2026-08-11,آموزش زبان,فرانسوی A1 A2 فشرده,,2026-08-06 11:57,,
f9cd38b2,106056586,گرامر: زمان حال ساده افعال پرکاربرد,high,pending,2026-08-12,آموزش زبان,فرانسوی A1 A2 فشرده,,2026-08-06 11:57,,
cdb97d9f,106056586,تمرین لیسنینگ ۵–۱۰ دقیقه (سطح A1),high,in_progress,2026-08-13,آموزش زبان,فرانسوی A1 A2 فشرده,از Coffee Break French / InnerFrench (شروع آرام) یا Learn French with Alexa / Français Authentique محتوای سطح مبتدی گوش بده.,2026-08-06 11:57,,
59abd180,106056586,۵۰ واژه: خرید، لباس، قیمت‌ها,high,done,2026-08-15,آموزش زبان,فرانسوی A1 A2 فشرده,,2026-08-06 11:57,2026-08-06 12:14,
477fb299,106056586,گرامر: سوال ساختن (کجا، کی، چه، چرا),high,pending,2026-08-16,آموزش زبان,فرانسوی A1 A2 فشرده,,2026-08-06 11:57,,
bbf68974,106056586,نقش‌آفرینی: خرید از فروشگاه,high,pending,2026-08-17,آموزش زبان,فرانسوی A1 A2 فشرده,دیالوگ کوتاه بنویس و با صدای بلند تمرین کن.,2026-08-06 11:57,,
4a82841e,106056586,۵۰ واژه: جهت‌ها، شهر، وسایل نقلیه,high,pending,2026-08-18,آموزش زبان,فرانسوی A1 A2 فشرده,,2026-08-06 11:57,,
56ec0792,106056586,گرامر: حروف اضافه مکان و زمان,high,pending,2026-08-19,آموزش زبان,فرانسوی A1 A2 فشرده,,2026-08-06 11:57,,
ce119bd8,106056586,نوشتن: توصیف محل زندگی (۸–۱۰ جمله),high,pending,2026-08-20,آموزش زبان,فرانسوی A1 A2 فشرده,,2026-08-06 11:57,,
b0c98705,106056586,۵۰ واژه: شغل، تحصیل، برنامه‌های روزانه,high,pending,2026-08-22,آموزش زبان,فرانسوی A1 A2 فشرده,,2026-08-06 11:57,,
aa09ac10,106056586,گرامر: افعال کمکی و منفی کردن جمله,high,pending,2026-08-23,آموزش زبان,فرانسوی A1 A2 فشرده,,2026-08-06 11:57,,
6ac9cb86,106056586,لیسنینگ + تکرار سایه (shadowing) ۱۰ دقیقه,high,pending,2026-08-24,آموزش زبان,فرانسوی A1 A2 فشرده,با Learn French with Alexa / Français Authentique یک ویدیوی کوتاه را جمله به جمله تکرار کن.,2026-08-06 11:57,,
5b1b9763,106056586,۵۰ واژه: آب‌وهوا، فصل‌ها، فعالیت‌های اوقات فراغت,high,pending,2026-08-25,آموزش زبان,فرانسوی A1 A2 فشرده,,2026-08-06 11:57,,
40b79bc5,106056586,گرامر: زمان حال استمراری / ساختار در حال انجام,high,pending,2026-08-26,آموزش زبان,فرانسوی A1 A2 فشرده,,2026-08-06 11:57,,
94174d79,106056586,آزمون میان‌دوره A1 + مرور نقاط ضعف,high,pending,2026-08-27,آموزش زبان,فرانسوی A1 A2 فشرده,آزمون کوتاه بزن و واژه‌ها/گرامرهای غلط را لیست کن.,2026-08-06 11:57,,
7d966f61,106056586,مرور ۲۰۰ واژه اول با Anki (روزانه),high,pending,2026-08-29,آموزش زبان,فرانسوی A1 A2 فشرده,,2026-08-06 11:57,,
e04e6b7c,106056586,مکالمه: یک روز معمولی خود را تعریف کن,high,pending,2026-08-30,آموزش زبان,فرانسوی A1 A2 فشرده,۲–۳ دقیقه صحبت ضبط‌شده؛ بدون نگاه به متن.,2026-08-06 11:57,,
51c2452c,106056586,خواندن متن کوتاه A1 + خلاصه‌نویسی,high,pending,2026-08-31,آموزش زبان,فرانسوی A1 A2 فشرده,از کتاب LFF A1 / short graded readers یک متن کوتاه بخوان.,2026-08-06 11:57,,
0cf0406c,106056586,گرامر: صفت‌ها و ترتیب آن‌ها,high,pending,2026-09-01,آموزش زبان,فرانسوی A1 A2 فشرده,,2026-08-06 11:57,,
16accba2,106056586,تمرین نوشتاری: ایمیل کوتاه دوستانه,high,pending,2026-09-02,آموزش زبان,فرانسوی A1 A2 فشرده,,2026-08-06 11:57,,
738b205b,106056586,جمع‌بندی ماه اول + چک‌لیست مهارت‌های A1,high,pending,2026-09-03,آموزش زبان,فرانسوی A1 A2 فشرده,لیست مهارت‌های A1 را تیک بزن؛ هر جا ضعف داری علامت بگذار.,2026-08-06 11:57,,
b34bd7b8,106056586,۶۰ واژه سطح A2: سفر، هتل، رزرو,high,pending,2026-09-05,آموزش زبان,فرانسوی A1 A2 فشرده,,2026-08-06 11:57,,
913d609d,106056586,گرامر: زمان گذشته ساده,high,pending,2026-09-06,آموزش زبان,فرانسوی A1 A2 فشرده,افعال بی‌قاعده پرکاربرد را جدا حفظ کن.,2026-08-06 11:57,,
44df415d,106056586,نقش‌آفرینی: رزرو هتل / خرید بلیت,high,pending,2026-09-07,آموزش زبان,فرانسوی A1 A2 فشرده,,2026-08-06 11:57,,
a3b76ff8,106056586,۶۰ واژه: احساسات، سلامتی، پزشک,high,pending,2026-09-08,آموزش زبان,فرانسوی A1 A2 فشرده,,2026-08-06 11:57,,
94d2a949,106056586,گرامر: گذشته استمراری / ساختارهای گذشته مکمل,high,pending,2026-09-09,آموزش زبان,فرانسوی A1 A2 فشرده,,2026-08-06 11:57,,
89c24f7b,106056586,لیسنینگ ۱۵ دقیقه‌ای سطح A2,high,pending,2026-09-10,آموزش زبان,فرانسوی A1 A2 فشرده,از Coffee Break French / InnerFrench (شروع آرام) قسمت مناسب A2 گوش بده و ۵ واژه جدید یادداشت کن.,2026-08-06 11:57,,
e03f71d7,106056586,۶۰ واژه: کار، مصاحبه، محل کار,high,pending,2026-09-12,آموزش زبان,فرانسوی A1 A2 فشرده,,2026-08-06 11:57,,
3fcac7ce,106056586,گرامر: آینده (will / going to یا معادل),high,pending,2026-09-13,آموزش زبان,فرانسوی A1 A2 فشرده,,2026-08-06 11:57,,
c923ac03,106056586,نوشتن: برنامه‌های آینده شغلی/تحصیلی (۱۲–۱۵ جمله),high,pending,2026-09-14,آموزش زبان,فرانسوی A1 A2 فشرده,,2026-08-06 11:57,,
2a878f30,106056586,۶۰ واژه: فناوری، اینترنت، شبکه‌های اجتماعی,high,pending,2026-09-15,آموزش زبان,فرانسوی A1 A2 فشرده,,2026-08-06 11:57,,
af01b1c0,106056586,گرامر: جملات شرطی نوع صفر و یک,high,pending,2026-09-16,آموزش زبان,فرانسوی A1 A2 فشرده,,2026-08-06 11:57,,
853e15a2,106056586,مکالمه آزاد ۵ دقیقه‌ای درباره علایق,high,pending,2026-09-17,آموزش زبان,فرانسوی A1 A2 فشرده,بدون متن از قبل؛ فقط نکات کلیدی روی کاغذ.,2026-08-06 11:57,,
c6c675b8,106056586,۶۰ واژه: محیط زیست، شهر، مشکلات شهری,high,pending,2026-09-19,آموزش زبان,فرانسوی A1 A2 فشرده,,2026-08-06 11:57,,
3fb1f3c7,106056586,گرامر: مجهول ساده (passive) در حد A2,high,pending,2026-09-20,آموزش زبان,فرانسوی A1 A2 فشرده,,2026-08-06 11:57,,
3a5346da,106056586,خواندن داستان کوتاه ساده (LFF A1 / short graded readers),high,pending,2026-09-21,آموزش زبان,فرانسوی A1 A2 فشرده,یک فصل/بخش کوتاه؛ واژه‌های جدید را در Anki بگذار.,2026-08-06 11:57,,
58356913,106056586,تمرین درک مطلب + پاسخ به سوالات متن,high,pending,2026-09-22,آموزش زبان,فرانسوی A1 A2 فشرده,,2026-08-06 11:57,,
9174be90,106056586,گرامر: نقل‌قول غیرمستقیم ساده,high,pending,2026-09-23,آموزش زبان,فرانسوی A1 A2 فشرده,,2026-08-06 11:57,,
287611dd,106056586,آزمون آزمایشی A2 (نمونه سوال),high,pending,2026-09-24,آموزش زبان,فرانسوی A1 A2 فشرده,Listening + Reading + Writing کوتاه؛ نقاط ضعف را لیست کن.,2026-08-06 11:57,,
ba3316b8,106056586,مرور فشرده همه گرامرهای A1–A2,high,pending,2026-09-26,آموزش زبان,فرانسوی A1 A2 فشرده,یک صفحه خلاصه گرامر برای خودت بنویس.,2026-08-06 11:57,,
9ac7ec47,106056586,مرور Anki: حداقل ۳۰۰ کارت فعال,high,pending,2026-09-27,آموزش زبان,فرانسوی A1 A2 فشرده,,2026-08-06 11:57,,
f62ee193,106056586,مکالمه ۱۰ دقیقه‌ای شبیه‌سازی مصاحبه/سفر,high,pending,2026-09-28,آموزش زبان,فرانسوی A1 A2 فشرده,,2026-08-06 11:57,,
c3a6e331,106056586,نوشتن نهایی: متن ۱۵۰ کلمه‌ای درباره تجربه یادگیری,high,pending,2026-09-29,آموزش زبان,فرانسوی A1 A2 فشرده,,2026-08-06 11:57,,
13675e16,106056586,لیسنینگ نهایی بدون زیرنویس (۱۰–۱۵ دقیقه),high,pending,2026-09-30,آموزش زبان,فرانسوی A1 A2 فشرده,,2026-08-06 11:57,,
87ad73e7,106056586,آزمون تعیین سطح نهایی (هدف: A2),high,pending,2026-10-02,آموزش زبان,فرانسوی A1 A2 فشرده,همان نوع آزمون اول را تکرار کن و پیشرفت را مقایسه کن.,2026-08-06 11:57,,
f34a0f0b,106056586,برنامه‌ریزی مسیر بعد از A2 (منابع B1),high,pending,2026-10-04,آموزش زبان,فرانسوی A1 A2 فشرده,۳ منبع برای سطح بعدی انتخاب و در تقویم بگذار.,2026-08-06 11:57,,
5858a29f,106056586,یسب,medium,pending,2026-08-11,,d,,2026-08-06 12:12,,
b2392f98,106056586,آزمون ۱۸ مهر — نیمسال اول دوازدهم (شروع برنامه),high,cancelled,2026-08-06,کنکور تجربی,کانون تجربی دوازدهم آزمون,زیست دوازدهم: مولکول‌های اطلاعاتی / دهم و یازدهم مرتبط. فیزیک: حرکت بر خط راست. شیمی: آسایش و رفاه در‌تکنولوژی شیمی. ریاضی: تابع. پایه: معادله و نامعادله، آمار. زوج‌کتاب‌ها طبق جدول کانون انتخاب شوند.,2026-08-06 13:42,,
6aeb5ee1,106056586,مطالعه تا آزمون ۲ آبان — ادامه نیمسال اول,high,pending,2026-08-20,کنکور تجربی,کانون تجربی دوازدهم آزمون,زیست: جریان اطلاعات در یاخته. فیزیک: حرکت بر خط راست (ادامه). شیمی: قدردانی از زحمات و کیمیا. ریاضی: تابع + لگاریتم. پایه: تابع و معادله درجه ۲، هندسه تحلیلی.,2026-08-06 13:42,,
c06818f8,106056586,آزمون ۱۶ آبان — نیمسال اول دوازدهم,high,pending,2026-09-03,کنکور تجربی,کانون تجربی دوازدهم آزمون,زیست: جریان اطلاعات در یاخته (ادامه). فیزیک: حرکت بر خط راست. شیمی: قدردانی… ریاضی: مثلثات. پایه: توان‌های گویا، توابع نمایی.,2026-08-06 13:42,,
38dccccf,106056586,آزمون ۳۰ آبان — نیمسال اول + تثبیت,high,in_progress,2026-09-17,کنکور تجربی,کانون تجربی دوازدهم آزمون,زیست: انتقال اطلاعات در نسل‌ها. فیزیک: دینامیک. شیمی: مولکول‌ها در خدمت سلامت. ریاضی: مثلثات + حد. پایه: توابع نمایی و لگاریتمی، مجموعه و الگو.,2026-08-06 13:42,,
162f9563,106056586,آزمون ۱۴ آذر — نیمسال اول دوازدهم,high,in_progress,2026-10-01,کنکور تجربی,کانون تجربی دوازدهم آزمون,زیست: مولکول‌ها در خدمت… فیزیک: دینامیک / حرکت. شیمی: مولکول‌ها در خدمت سلامت. ریاضی: حد و پیوستگی. پایه: احتمال، مجموعه الگو و دنباله.,2026-08-06 13:42,,
5e01ec38,106056586,آزمون ویژه ۲۱ آذر — جمع‌بندی دهم و یازدهم,high,pending,2026-10-08,کنکور تجربی,کانون تجربی دوازدهم آزمون,آزمون جمع‌بندی دهم و یازدهم (بودجه‌بندی مطابق کنکور). کل کتاب‌های پایه در دروس تخصصی طبق جدول — مرور فشرده + تست.,2026-08-06 13:42,,
f154cff5,106056586,آزمون ۲۸ آذر — نیمسال اول دوازدهم,high,done,2026-10-15,کنکور تجربی,کانون تجربی دوازدهم آزمون,زیست: تغییر در اطلاعات وراثتی. فیزیک: دینامیک. شیمی: آسایش و رفاه… ریاضی: حد و پیوستگی / مشتق. پایه: آمار + هندسه.,2026-08-06 13:42,2026-08-06 13:44,
a2b1fac4,106056586,آزمون‌های ویژه ۵ و ۱۲ دی — مدرسه / انتخابی,medium,done,2026-10-29,کنکور تجربی,کانون تجربی دوازدهم آزمون,آزمون ویژه مدرسه: در این دو آزمون می‌توانید ۲ درس را که در هفته بعد در مدرسه امتحان دارید انتخاب کنید و پاسخ دهید (طبق راهنمای جدول).,2026-08-06 13:42,2026-08-06 13:44,
7614f8f9,106056586,آزمون ۲۶ دی — نیمسال اول دوازدهم (منتهی به امتحانات نهایی),high,done,2026-11-12,کنکور تجربی,کانون تجربی دوازدهم آزمون,جمع‌بندی نیمسال اول دوازدهم قبل از امتحانات نهایی نوبت اول.,2026-08-06 13:42,2026-08-06 13:44,
da6cf39c,106056586,آزمون ویژه ۳ بهمن — جمع‌بندی دهم و یازدهم,high,cancelled,2026-11-19,کنکور تجربی,کانون تجربی دوازدهم آزمون,آزمون ویژه جمع‌بندی دهم و یازدهم — کل کتاب پایه در دروس تخصصی.,2026-08-06 13:42,,
77be55b0,106056586,آزمون ۱۰ بهمن — نیمسال دوم دوازدهم,high,pending,2026-11-26,کنکور تجربی,کانون تجربی دوازدهم آزمون,زیست: از ماده به انرژی. فیزیک: نوسان و امواج. شیمی: شیمی جلوی ضرر زیان‌بار. ریاضی: مشتق. پایه مرتبط دهم/یازدهم طبق جدول.,2026-08-06 13:42,,
3e4cee50,106056586,آزمون ۲۴ بهمن — نیمسال دوم دوازدهم,high,pending,2026-12-10,کنکور تجربی,کانون تجربی دوازدهم آزمون,زیست: از انرژی به ماده. فیزیک: نوسان و امواج (ادامه). شیمی: شیمی در پیشگیری… ریاضی: کاربرد مشتق. پاسخ‌گویی اجباری برای همه دانش‌آموزان در بخش پیشرفت نرمال.,2026-08-06 13:42,,
91b4a315,106056586,آزمون ۸ اسفند — نیمسال دوم دوازدهم,high,pending,2026-12-24,کنکور تجربی,کانون تجربی دوازدهم آزمون,زیست: فناوری‌های نوین زیستی. فیزیک: آشنایی با فیزیک اتمی. شیمی: شیمی راهی به سوی آینده روشن‌تر. ریاضی: هندسه + احتمال.,2026-08-06 13:42,,
bb0425ee,106056586,آزمون ۲۳ اسفند — نیمسال دوم (جمع بازه),high,pending,2027-01-08,کنکور تجربی,کانون تجربی دوازدهم آزمون,پوشش فصل‌های باقی‌مانده نیمسال دوم + پایه مرتبط. توجه جدول: پیشرفت سریع تا اسفند برای همه شرکت‌کنندگان در آزمون اجباری است.,2026-08-06 13:42,,
783775f1,106056586,آزمون ۷ فروردین — جمع‌بندی دهم و یازدهم (مطابق کنکور),high,pending,2027-01-23,کنکور تجربی,کانون تجربی دوازدهم آزمون,کل کتاب پایه در زیست، فیزیک، شیمی، ریاضی — بودجه‌بندی مطابق کنکور.,2026-08-06 13:42,,
6db6e0de,106056586,آزمون ۱۴ فروردین — نیمسال اول دوازدهم (جمع‌بندی),high,pending,2027-01-30,کنکور تجربی,کانون تجربی دوازدهم آزمون,زیست: آزمون ژنتیک جامع (فصول مرتبط دوازدهم + یازدهم). فیزیک ۳ فصول ۱–۳. شیمی ۳ فصول ۱–۲. ریاضی ۳ فصول ۱–۴ + پایه مرتبط.,2026-08-06 13:42,,
34efd315,106056586,آزمون ویژه ۲۱ فروردین — متابولیسم + نیمسال دوم,high,pending,2027-02-06,کنکور تجربی,کانون تجربی دوازدهم آزمون,آزمون متابولیسم (زیست ۳). فیزیک/شیمی/ریاضی نیمسال دوم. پیشرفت نرمال — پاسخ‌گویی اجباری.,2026-08-06 13:42,,
07e95cc3,106056586,آزمون ۲۸ فروردین — دوره همایشی زیست و شیمی,high,pending,2027-02-13,کنکور تجربی,کانون تجربی دوازدهم آزمون,زیست گیاهی + جانوری (صفحه‌های مشخص جدول). حفظیات و محاسباتی شیمی دهم تا دوازدهم. فیزیک اتمی و هسته‌ای. ریاضی: هندسه + احتمال.,2026-08-06 13:42,,
b024fd7b,106056586,آزمون ۱۱ اردیبهشت — ادامه همایشی زیست و شیمی,high,pending,2027-02-26,کنکور تجربی,کانون تجربی دوازدهم آزمون,تکمیل زیست جانوری و گیاهی، شیمی کربن و محاسباتی، فیزیک اتمی کامل، ریاضی هندسه+احتمال.,2026-08-06 13:42,,
903e388b,106056586,آزمون ۲۵ اردیبهشت — نیمسال دوم دوازدهم کامل,high,pending,2027-03-12,کنکور تجربی,کانون تجربی دوازدهم آزمون,پوشش کامل فصول نیمسال دوم دوازدهم در همه دروس تخصصی.,2026-08-06 13:42,,
db8f9a17,106056586,آزمون‌های مطابق کنکور (۲۲ و ۲۹ خرداد · ۵ تیر),high,pending,2027-04-09,کنکور تجربی,کانون تجربی دوازدهم آزمون,سه آزمون شبیه‌ساز نزدیک کنکور. شرایط جلسه واقعی، تحلیل کارنامه، مرور غلط‌ها بین هر دو آزمون.,2026-08-06 13:42,,
3d260298,106056586,مرور نهایی اختصاصی — یک هفته قبل کنکور,high,pending,2027-04-23,کنکور تجربی,کانون تجربی دوازدهم آزمون,فقط خلاصه‌ها، فرمول‌ها، غلط‌های پرتکرار و خواب منظم.,2026-08-06 13:42,,
ba5a76a4,106056586,عمومی‌ها (اختیاری ولی توصیه‌شده),medium,pending,2026-08-13,کنکور تجربی,کانون تجربی دوازدهم آزمون,پاسخ‌گویی به عمومی در آزمون‌ها اختیاری است اما برای تراز سوابق مهم است. فارسی، عربی، دینی، زبان را طبق جدول عمومی کانون پیوسته بخوان (نه شب‌امتحانی). در صورت نیاز در آزمون تشریحی هم ثبت‌نام کن.,2026-08-06 13:42,,
dee22aba,106056586,انتخاب زوج‌کتاب پایه — تثبیت منابع,high,pending,2026-08-07,کنکور تجربی,کانون تجربی دوازدهم آزمون,طبق راهنمای جدول: از هر زوج‌کتاب پایه فقط یکی را انتخاب کن. منابع دهم/یازدهم را با بودجه‌بندی هر آزمون هماهنگ نگه دار.,2026-08-06 13:42,,
91887c3d,106056586,انتخاب زوج‌کتاب پایه (زیست/فیزیک/شیمی/ریاضی),high,pending,2026-08-06,کنکور تجربی,کانون تجربی دوازدهم مطالعه برنامه,طبق جدول کانون از هر زوج‌کتاب پایه فقط یکی را انتخاب و کنار بگذار.,2026-08-06 13:50,,
1f41f17a,106056586,زیست دوازدهم: مولکول‌های اطلاعاتی,high,pending,2026-08-09,کنکور تجربی,کانون تجربی دوازدهم مطالعه برنامه,صفحه ۱ تا ۱۶ — بازه مطالعاتی تا آزمون ۱۸ مهر.,2026-08-06 13:50,,
b517b683,106056586,زیست پایه مرتبط: مولکول‌ها در خدمت/اطلاعات وراثتی,high,in_progress,2026-08-10,کنکور تجربی,کانون تجربی دوازدهم مطالعه برنامه,دهم و یازدهم مرتبط با مولکول‌های اطلاعاتی — تا ۱۸ مهر.,2026-08-06 13:50,,
aa46ed40,106056586,فیزیک دوازدهم: حرکت بر خط راست,high,pending,2026-08-11,کنکور تجربی,کانون تجربی دوازدهم مطالعه برنامه,صفحه ۱ تا ۲۶ — تا ۱۸ مهر.,2026-08-06 13:50,,
87f58aad,106056586,شیمی دوازدهم: قدردانی از زحمات و کیمیاگران,high,pending,2026-08-12,کنکور تجربی,کانون تجربی دوازدهم مطالعه برنامه,صفحه ۱ تا ۲۴ — تا ۱۸ مهر.,2026-08-06 13:50,,
1277fa21,106056586,ریاضی دوازدهم: تابع,high,pending,2026-08-13,کنکور تجربی,کانون تجربی دوازدهم مطالعه برنامه,صفحه ۱ تا ۴۶ + مباحث مرتبط دهم و یازدهم — تا ۱۸ مهر.,2026-08-06 13:50,,
e805a4db,106056586,ریاضی پایه: معادله، نامعادله، تعیین علامت + آمار,high,pending,2026-08-14,کنکور تجربی,کانون تجربی دوازدهم مطالعه برنامه,بسته پایه ۱ و ۲ طبق جدول — تا ۱۸ مهر.,2026-08-06 13:50,,
40f9ab18,106056586,زیست دوازدهم: جریان اطلاعات در یاخته,high,pending,2026-08-18,کنکور تجربی,کانون تجربی دوازدهم مطالعه برنامه,صفحه ۱۷ تا ۳۶ — تا ۲ آبان.,2026-08-06 13:50,,
63511af2,106056586,فیزیک دوازدهم: ادامه حرکت بر خط راست,high,pending,2026-08-19,کنکور تجربی,کانون تجربی دوازدهم مطالعه برنامه,صفحه ۲۷ تا ۴۲ — تا ۲ آبان.,2026-08-06 13:50,,
c1435701,106056586,شیمی دوازدهم: آسایش و رفاه در سایه شیمی,high,pending,2026-08-20,کنکور تجربی,کانون تجربی دوازدهم مطالعه برنامه,صفحه ۲۵ تا ۴۸ — تا ۲ آبان.,2026-08-06 13:50,,
20e2a7dc,106056586,ریاضی دوازدهم: مثلثات,high,pending,2026-08-21,کنکور تجربی,کانون تجربی دوازدهم مطالعه برنامه,صفحه ۴۷ تا ۷۲ — تا ۲ آبان.,2026-08-06 13:50,,
77a6db1c,106056586,ریاضی پایه: تابع و معادله درجه ۲ + هندسه تحلیلی,high,pending,2026-08-22,کنکور تجربی,کانون تجربی دوازدهم مطالعه برنامه,تا ۲ آبان.,2026-08-06 13:50,,
584acead,106056586,زیست دوازدهم: ادامه جریان اطلاعات در یاخته,high,pending,2026-08-26,کنکور تجربی,کانون تجربی دوازدهم مطالعه برنامه,صفحه ۳۷ تا ۵۲ — تا ۱۶ آبان.,2026-08-06 13:50,,
ffe90dd2,106056586,فیزیک دوازدهم: تکمیل حرکت بر خط راست,high,pending,2026-08-27,کنکور تجربی,کانون تجربی دوازدهم مطالعه برنامه,تا ۱۶ آبان.,2026-08-06 13:50,,
1554da78,106056586,شیمی: ادامه آسایش و رفاه در سایه شیمی,high,pending,2026-08-28,کنکور تجربی,کانون تجربی دوازدهم مطالعه برنامه,تا ۱۶ آبان.,2026-08-06 13:50,,
f0ef3d64,106056586,ریاضی دوازدهم: مثلثات (تکمیل) + شروع حد,high,pending,2026-08-29,کنکور تجربی,کانون تجربی دوازدهم مطالعه برنامه,تا ۱۶ آبان.,2026-08-06 13:50,,
b79496c9,106056586,ریاضی پایه: توان‌های گویا و عبارت‌های جبری,high,pending,2026-08-30,کنکور تجربی,کانون تجربی دوازدهم مطالعه برنامه,تا ۱۶ آبان.,2026-08-06 13:50,,
a078aa1a,106056586,زیست دوازدهم: انتقال اطلاعات در نسل‌ها,high,pending,2026-09-03,کنکور تجربی,کانون تجربی دوازدهم مطالعه برنامه,صفحه ۵۳ تا ۷۲ — تا ۳۰ آبان.,2026-08-06 13:50,,
13f71a6d,106056586,فیزیک دوازدهم: دینامیک,high,pending,2026-09-04,کنکور تجربی,کانون تجربی دوازدهم مطالعه برنامه,شروع دینامیک — تا ۳۰ آبان.,2026-08-06 13:50,,
188a2b08,106056586,شیمی دوازدهم: مولکول‌ها در خدمت سلامت,high,pending,2026-09-05,کنکور تجربی,کانون تجربی دوازدهم مطالعه برنامه,تا ۳۰ آبان.,2026-08-06 13:50,,
bf177d96,106056586,ریاضی دوازدهم: حد و پیوستگی,high,pending,2026-09-06,کنکور تجربی,کانون تجربی دوازدهم مطالعه برنامه,تا ۳۰ آبان.,2026-08-06 13:50,,
cf0202ad,106056586,ریاضی پایه: توابع نمایی و لگاریتمی + مجموعه، الگو و دنباله,high,pending,2026-09-07,کنکور تجربی,کانون تجربی دوازدهم مطالعه برنامه,تا ۳۰ آبان.,2026-08-06 13:50,,
26675b81,106056586,زیست دوازدهم: ادامه انتقال اطلاعات در نسل‌ها,high,pending,2026-09-13,کنکور تجربی,کانون تجربی دوازدهم مطالعه برنامه,تا ۱۴ آذر.,2026-08-06 13:50,,
5997e89e,106056586,فیزیک: دینامیک + مرور حرکت,high,pending,2026-09-14,کنکور تجربی,کانون تجربی دوازدهم مطالعه برنامه,تا ۱۴ آذر.,2026-08-06 13:50,,
2740d6df,106056586,شیمی: تکمیل مولکول‌ها در خدمت سلامت,high,pending,2026-09-15,کنکور تجربی,کانون تجربی دوازدهم مطالعه برنامه,تا ۱۴ آذر.,2026-08-06 13:50,,
33b102e9,106056586,ریاضی: حد و پیوستگی (تکمیل),high,pending,2026-09-16,کنکور تجربی,کانون تجربی دوازدهم مطالعه برنامه,تا ۱۴ آذر.,2026-08-06 13:50,,
f361fc2d,106056586,ریاضی پایه: احتمال + مجموعه، الگو و دنباله,high,pending,2026-09-17,کنکور تجربی,کانون تجربی دوازدهم مطالعه برنامه,تا ۱۴ آذر.,2026-08-06 13:50,,
cb026b7e,106056586,مرور کل کتاب‌های پایه دهم و یازدهم (جمع‌بندی),high,pending,2026-09-23,کنکور تجربی,کانون تجربی دوازدهم مطالعه برنامه,بودجه‌بندی مطابق کنکور — ویژه ۲۱ آذر. همه دروس تخصصی پایه.,2026-08-06 13:50,,
b0c8646b,106056586,زیست دوازدهم: تغییر در اطلاعات وراثتی,high,pending,2026-09-27,کنکور تجربی,کانون تجربی دوازدهم مطالعه برنامه,تا ۲۸ آذر.,2026-08-06 13:50,,
abd0dbb2,106056586,فیزیک دوازدهم: تکمیل دینامیک,high,pending,2026-09-28,کنکور تجربی,کانون تجربی دوازدهم مطالعه برنامه,تا ۲۸ آذر.,2026-08-06 13:50,,
ece5860d,106056586,شیمی: مرور قدردانی از زحمات + مولکول‌ها در خدمت سلامت,high,pending,2026-09-29,کنکور تجربی,کانون تجربی دوازدهم مطالعه برنامه,تا ۲۸ آذر.,2026-08-06 13:50,,
939a6228,106056586,ریاضی دوازدهم: مشتق (شروع),high,pending,2026-09-30,کنکور تجربی,کانون تجربی دوازدهم مطالعه برنامه,حد و پیوستگی تا مشتق — تا ۲۸ آذر.,2026-08-06 13:50,,
2a1d4178,106056586,جمع‌بندی نیمسال اول دوازدهم (همه دروس تخصصی),high,pending,2026-10-15,کنکور تجربی,کانون تجربی دوازدهم مطالعه برنامه,قبل از امتحانات نهایی نوبت اول — تا ۲۶ دی.,2026-08-06 13:50,,
0cfacc9c,106056586,مطالعه دروس مدرسه برای آزمون‌های ویژه دی,medium,pending,2026-10-20,کنکور تجربی,کانون تجربی دوازدهم مطالعه برنامه,طبق جدول: ۲ درسی که در هفته بعد در مدرسه امتحان دارید.,2026-08-06 13:50,,
a163b606,106056586,مرور دوباره کل پایه دهم و یازدهم,high,pending,2026-11-14,کنکور تجربی,کانون تجربی دوازدهم مطالعه برنامه,ویژه ۳ بهمن — جمع‌بندی پایه.,2026-08-06 13:50,,
2a3b1317,106056586,زیست دوازدهم: از ماده به انرژی,high,pending,2026-11-19,کنکور تجربی,کانون تجربی دوازدهم مطالعه برنامه,نیمسال دوم — تا ۱۰ بهمن.,2026-08-06 13:50,,
1c662abe,106056586,فیزیک دوازدهم: نوسان و امواج,high,pending,2026-11-20,کنکور تجربی,کانون تجربی دوازدهم مطالعه برنامه,تا ۱۰ بهمن.,2026-08-06 13:50,,
8ee418e5,106056586,شیمی دوازدهم: شیمی، راهی به سوی آینده‌ای روشن‌تر (شروع),high,pending,2026-11-21,کنکور تجربی,کانون تجربی دوازدهم مطالعه برنامه,تا ۱۰ بهمن.,2026-08-06 13:50,,
0e5831b2,106056586,ریاضی دوازدهم: مشتق (تکمیل),high,pending,2026-11-22,کنکور تجربی,کانون تجربی دوازدهم مطالعه برنامه,تا ۱۰ بهمن.,2026-08-06 13:50,,
97984fe5,106056586,ریاضی پایه: هندسه تحلیلی + آمار مرتبط,high,pending,2026-11-23,کنکور تجربی,کانون تجربی دوازدهم مطالعه برنامه,تا ۱۰ بهمن.,2026-08-06 13:50,,
d8a9f000,106056586,زیست دوازدهم: از انرژی به ماده,high,pending,2026-12-02,کنکور تجربی,کانون تجربی دوازدهم مطالعه برنامه,تا ۲۴ بهمن.,2026-08-06 13:50,,
6172171b,106056586,فیزیک: ادامه نوسان و امواج,high,pending,2026-12-03,کنکور تجربی,کانون تجربی دوازدهم مطالعه برنامه,تا ۲۴ بهمن.,2026-08-06 13:50,,
2d6e9ffe,106056586,شیمی: ادامه شیمی راهی به سوی آینده,high,pending,2026-12-04,کنکور تجربی,کانون تجربی دوازدهم مطالعه برنامه,تا ۲۴ بهمن.,2026-08-06 13:50,,
9e5f1dd7,106056586,ریاضی دوازدهم: کاربرد مشتق,high,pending,2026-12-05,کنکور تجربی,کانون تجربی دوازدهم مطالعه برنامه,تا ۲۴ بهمن.,2026-08-06 13:50,,
cb6a3378,106056586,زیست دوازدهم: فناوری‌های نوین زیستی,high,pending,2026-12-16,کنکور تجربی,کانون تجربی دوازدهم مطالعه برنامه,تا ۸ اسفند.,2026-08-06 13:50,,
c99ee3bc,106056586,فیزیک دوازدهم: آشنایی با فیزیک اتمی و هسته‌ای,high,pending,2026-12-17,کنکور تجربی,کانون تجربی دوازدهم مطالعه برنامه,تا ۸ اسفند.,2026-08-06 13:50,,
2c01e76b,106056586,شیمی: تکمیل فصل‌های نیمسال دوم,high,pending,2026-12-18,کنکور تجربی,کانون تجربی دوازدهم مطالعه برنامه,تا ۸ اسفند.,2026-08-06 13:50,,
e0ced927,106056586,ریاضی دوازدهم: هندسه,high,pending,2026-12-19,کنکور تجربی,کانون تجربی دوازدهم مطالعه برنامه,تا ۸ اسفند.,2026-08-06 13:50,,
4b8e5845,106056586,زیست دوازدهم: رفتارهای جانوران,high,pending,2026-12-29,کنکور تجربی,کانون تجربی دوازدهم مطالعه برنامه,تا ۲۳ اسفند.,2026-08-06 13:50,,
8afd08ff,106056586,فیزیک: تکمیل فیزیک اتمی و هسته‌ای,high,pending,2026-12-30,کنکور تجربی,کانون تجربی دوازدهم مطالعه برنامه,تا ۲۳ اسفند.,2026-08-06 13:50,,
83b06fac,106056586,ریاضی دوازدهم: احتمال,high,pending,2026-12-31,کنکور تجربی,کانون تجربی دوازدهم مطالعه برنامه,تا ۲۳ اسفند.,2026-08-06 13:50,,
a4bc4079,106056586,جمع‌بندی پیشرفت سریع نیمسال دوم دوازدهم,high,pending,2027-01-03,کنکور تجربی,کانون تجربی دوازدهم مطالعه برنامه,طبق جدول: تا اسفند پیشرفت سریع اجباری است.,2026-08-06 13:50,,
6679d87d,106056586,مرور کل پایه دهم و یازدهم (مطابق کنکور),high,pending,2027-01-18,کنکور تجربی,کانون تجربی دوازدهم مطالعه برنامه,۷ فروردین — کل کتاب پایه تخصصی.,2026-08-06 13:50,,
e2c10a52,106056586,زیست: جمع‌بندی ژنتیک (دوازدهم + یازدهم فصول ۶ و ۸),high,pending,2027-01-25,کنکور تجربی,کانون تجربی دوازدهم مطالعه برنامه,۱۴ فروردین — آزمون ژنتیک جامع.,2026-08-06 13:50,,
3215fc45,106056586,فیزیک ۳: فصول ۱ تا ۳ (صفحه ۱ تا ۶۲),high,pending,2027-01-26,کنکور تجربی,کانون تجربی دوازدهم مطالعه برنامه,۱۴ فروردین.,2026-08-06 13:50,,
19203033,106056586,شیمی ۳: فصول ۱ و ۲ (صفحه ۱ تا ۶۶),high,pending,2027-01-27,کنکور تجربی,کانون تجربی دوازدهم مطالعه برنامه,۱۴ فروردین.,2026-08-06 13:50,,
4719b437,106056586,ریاضی ۳: فصول ۱ تا ۴ (صفحه ۱ تا ۷۶) + پایه مرتبط,high,pending,2027-01-28,کنکور تجربی,کانون تجربی دوازدهم مطالعه برنامه,۱۴ فروردین.,2026-08-06 13:50,,
7ef839e6,106056586,زیست ۳: متابولیسم (صفحه ۶۳ تا ۹۰),high,pending,2027-02-02,کنکور تجربی,کانون تجربی دوازدهم مطالعه برنامه,۲۱ فروردین — آزمون متابولیسم.,2026-08-06 13:50,,
226bde43,106056586,فیزیک ۳: فصل ۳ و ۴ (صفحه ۵۳ تا ۹۴),high,pending,2027-02-03,کنکور تجربی,کانون تجربی دوازدهم مطالعه برنامه,۲۱ فروردین.,2026-08-06 13:50,,
ef24a27e,106056586,شیمی ۳: فصل ۳ و ۴ (صفحه ۶۷ تا ۱۰۲),high,pending,2027-02-04,کنکور تجربی,کانون تجربی دوازدهم مطالعه برنامه,۲۱ فروردین.,2026-08-06 13:50,,
b165155b,106056586,ریاضی ۳: فصل ۴ و ۵ (صفحه ۶۵ تا ۱۲۰),high,pending,2027-02-05,کنکور تجربی,کانون تجربی دوازدهم مطالعه برنامه,۲۱ فروردین.,2026-08-06 13:50,,
db727b74,106056586,زیست گیاهی (دهم فصول ۶–۷ · یازدهم ۸–۹ · دوازدهم فصل ۶),high,pending,2027-02-10,کنکور تجربی,کانون تجربی دوازدهم مطالعه برنامه,دوره همایشی — ۲۸ فروردین.,2026-08-06 13:50,,
cc62bca0,106056586,حفظیات شیمی دهم تا دوازدهم,high,pending,2027-02-11,کنکور تجربی,کانون تجربی دوازدهم مطالعه برنامه,همایشی ۲۸ فروردین.,2026-08-06 13:50,,
50953a20,106056586,فیزیک: آشنایی با فیزیک اتمی (صفحه ۹۵ تا ۱۱۱),high,pending,2027-02-12,کنکور تجربی,کانون تجربی دوازدهم مطالعه برنامه,۲۸ فروردین.,2026-08-06 13:50,,
28776130,106056586,ریاضی ۳: هندسه (صفحه ۱۲۱ تا ۱۴۲),high,pending,2027-02-13,کنکور تجربی,کانون تجربی دوازدهم مطالعه برنامه,۲۸ فروردین.,2026-08-06 13:50,,
93d9f4ad,106056586,زیست جانوری (صفحه‌های مشخص دهم، یازدهم، دوازدهم),high,pending,2027-02-22,کنکور تجربی,کانون تجربی دوازدهم مطالعه برنامه,زیست۱: ۳۰–۳۲، ۴۱–۴۲، ۴۵–۴۶، ۵۰–۵۱، ۶۵–۶۷، ۷۱، ۷۶–۷۷؛ زیست۲: ۱۴–۱۵، ۱۸، ۲۷–۲۸، ۳۳–۳۶، ۵۲، ۶۲، ۱۱۵–۱۱۸؛ زیست۳: ۱۰۷–۱۲۴ — ۱۱ اردیبهشت.,2026-08-06 13:50,,
b452ea76,106056586,شیمی کربن + محاسباتی شیمی (دهم تا دوازدهم),high,pending,2027-02-23,کنکور تجربی,کانون تجربی دوازدهم مطالعه برنامه,۱۱ اردیبهشت — طبق صفحه‌های جدول کانون.,2026-08-06 13:50,,
ad7647f9,106056586,فیزیک اتمی و هسته‌ای کامل (صفحه ۹۵ تا ۱۲۵),high,pending,2027-02-24,کنکور تجربی,کانون تجربی دوازدهم مطالعه برنامه,۱۱ اردیبهشت.,2026-08-06 13:50,,
af0174d5,106056586,ریاضی ۳: هندسه + احتمال (صفحه ۱۲۱ تا ۱۴۸),high,pending,2027-02-25,کنکور تجربی,کانون تجربی دوازدهم مطالعه برنامه,۱۱ اردیبهشت.,2026-08-06 13:50,,
f9b0703e,106056586,زیست دوازدهم: فصول ۵ تا ۸ (صفحه ۶۳ تا ۱۲۴),high,pending,2027-03-06,کنکور تجربی,کانون تجربی دوازدهم مطالعه برنامه,۲۵ اردیبهشت — نیمسال دوم کامل.,2026-08-06 13:50,,
a55c4951,106056586,فیزیک ۳: فصول ۳ و ۴ (صفحه ۵۳ تا ۱۲۵),high,pending,2027-03-07,کنکور تجربی,کانون تجربی دوازدهم مطالعه برنامه,۲۵ اردیبهشت.,2026-08-06 13:50,,
c599efe2,106056586,شیمی ۳: فصول ۳ و ۴ (صفحه ۶۷ تا ۱۲۳),high,pending,2027-03-08,کنکور تجربی,کانون تجربی دوازدهم مطالعه برنامه,۲۵ اردیبهشت.,2026-08-06 13:50,,
2df391f3,106056586,ریاضی ۳: فصول ۴ تا ۷ (صفحه ۶۶ تا ۱۴۸),high,pending,2027-03-09,کنکور تجربی,کانون تجربی دوازدهم مطالعه برنامه,۲۵ اردیبهشت.,2026-08-06 13:50,,
ca5e298b,106056586,مرور نهایی همه مباحث + تست مطابق کنکور,high,pending,2027-04-03,کنکور تجربی,کانون تجربی دوازدهم مطالعه برنامه,بازه آزمون‌های ۲۲ و ۲۹ خرداد و ۵ تیر.,2026-08-06 13:50,,
23ce94e5,106056586,مرور سبک: خلاصه، فرمول، غلط‌های پرتکرار,high,pending,2027-04-18,کنکور تجربی,کانون تجربی دوازدهم مطالعه برنامه,هفته آخر قبل کنکور.,2026-08-06 13:50,,
2fd7c30d,106056586,عمومی‌ها: فارسی، عربی، دینی، زبان (پیوسته از اول سال),medium,pending,2026-08-08,کنکور تجربی,کانون تجربی دوازدهم مطالعه برنامه,اختیاری در آزمون ولی برای تراز سوابق مهم است. طبق جدول عمومی کانون مطالعه کن؛ شب‌امتحانی نخوان.,2026-08-06 13:50,,
193353eb,7469291969,عنوان تسک ۱,high,done,2026-08-20,کار,پروژه,توضیح اختیاری,2026-08-06 13:56,2026-08-06 13:57,
efe1318d,7469291969,عنوان تسک ۲,medium,pending,2026-08-20,شخصی,,,2026-08-06 13:56,,
49a4f84f,7469291969,عنوان تسک ۳,low,pending,,مطالعه,کتاب,بدون مهلت,2026-08-06 13:56,,
7004bc74,106056586,نان سنگک,medium,pending,,خرید,نانوایی,۲ عدد,2026-08-06 14:01,,
23c907fd,106056586,شیر کم‌چرب,medium,pending,,خرید,لبنیات,۱ لیتر,2026-08-06 14:01,,
88e0afbe,106056586,تخم‌مرغ,medium,pending,,خرید,پروتئین,یک شانه,2026-08-06 14:01,,
0abf88fc,106056586,برنج,low,pending,,خرید,خشکبار,۲ کیلو,2026-08-06 14:01,,
0d16104b,106056586,گوجه‌فرنگی,medium,pending,,خرید,سبزی,۱ کیلو,2026-08-06 14:01,,
555b36e2,106056586,خیار,low,pending,,خرید,سبزی,,2026-08-06 14:01,,
ce5a17bb,106056586,ماست,medium,pending,,خرید,لبنیات,,2026-08-06 14:01,,
3033ca1a,106056586,شوینده ظرف,low,pending,,خرید,منزل,,2026-08-06 14:01,,
375412b3,106056586,شیفت صبح — آماده‌سازی سالن,high,pending,,شیفت رستوران,صبح,باز کردن، چیدمان میزها,2026-08-06 14:02,,
d14a83d7,106056586,شیفت صبح — کنترل موجودی یخچال,high,pending,,شیفت رستوران,صبح,گزارش کسری,2026-08-06 14:02,,
7ef8ec10,106056586,شیفت ظهر — پذیرش و سالن,medium,pending,,شیفت رستوران,ظهر,,2026-08-06 14:02,,
65a98dd4,106056586,شیفت عصر — آشپزخانه کمک‌کار,medium,pending,,شیفت رستوران,عصر,,2026-08-06 14:02,,
c85c2eea,106056586,شیفت شب — بستن صندوق,high,pending,,شیفت رستوران,شب,شمارش و گزارش,2026-08-06 14:02,,
0e56b891,106056586,شیفت شب — نظافت نهایی سالن و آشپزخانه,high,pending,,شیفت رستوران,شب,,2026-08-06 14:02,,
d3ca190e,106056586,تحویل شیفت به نفر بعدی,medium,pending,,شیفت رستوران,,موارد باز را بنویس,2026-08-06 14:02,,
43710d86,106056586,زیست دوازدهم — فصل مولکول‌های اطلاعاتی,high,pending,,مطالعه,زیست,صفحه ۱ تا ۱۶,2026-08-06 14:03,,
e3f1dd0f,106056586,فیزیک دوازدهم — حرکت بر خط راست,high,pending,,مطالعه,فیزیک,صفحه ۱ تا ۲۶,2026-08-06 14:03,,
92500a0c,106056586,شیمی دوازدهم — قدردانی از زحمات و کیمیاگران,medium,pending,,مطالعه,شیمی,صفحه ۱ تا ۲۴,2026-08-06 14:03,,
51c2c97a,106056586,ریاضی دوازدهم — تابع,high,pending,,مطالعه,ریاضی,صفحه ۱ تا ۴۶,2026-08-06 14:03,,
564129f4,106056586,تست زیست — ۲۰ سؤال طبقه‌بندی,medium,pending,,مطالعه,تست,تحلیل غلط‌ها,2026-08-06 14:03,,
0807c45e,106056586,مرور خلاصه فیزیک هفته,medium,pending,,مطالعه,مرور,,2026-08-06 14:03,,
23bbdfd7,106056586,عمومی — فارسی درس ۱,low,pending,,مطالعه,عمومی,,2026-08-06 14:03,,
82b17c2e,106056586,شیفت صبح — آماده‌سازی سالن,high,pending,,شیفت رستوران,صبح,باز کردن، چیدمان میزها,2026-08-06 14:12,,
6e8d6f7b,106056586,شیفت صبح — کنترل موجودی یخچال,high,pending,,شیفت رستوران,صبح,گزارش کسری,2026-08-06 14:12,,
fa777f90,106056586,شیفت ظهر — پذیرش و سالن,medium,pending,,شیفت رستوران,ظهر,,2026-08-06 14:12,,
a88f7294,106056586,شیفت عصر — آشپزخانه کمک‌کار,medium,pending,,شیفت رستوران,عصر,,2026-08-06 14:12,,
e59038fb,106056586,شیفت شب — بستن صندوق,high,pending,,شیفت رستوران,شب,شمارش و گزارش,2026-08-06 14:12,,
610be150,106056586,شیفت شب — نظافت نهایی سالن و آشپزخانه,high,pending,,شیفت رستوران,شب,,2026-08-06 14:12,,
a8f6975e,106056586,تحویل شیفت به نفر بعدی,medium,pending,,شیفت رستوران,,موارد باز را بنویس,2026-08-06 14:12,,
